{
  "by_version": {
    "baseline_first_day_momentum_daily": {
      "trade_count": 14,
      "win_rate": 0.2857142857142857,
      "average_return": -0.004397799999999995,
      "average_win": 0.19496264,
      "average_loss": -0.084141976,
      "profit_factor": 0.9262912869967744,
      "total_return": -0.15335985620681736,
      "max_drawdown": -0.4594982767626885,
      "turnover": 1399040.38274,
      "average_holding_days": 1.1428571428571428
    },
    "improved_grey_market_filter": {
      "trade_count": 12,
      "win_rate": 0.3333333333333333,
      "average_return": 0.008892896000000003,
      "average_win": 0.19496264,
      "average_loss": -0.08414197599999998,
      "profit_factor": 1.1579969184824845,
      "total_return": 0.009351766597561983,
      "max_drawdown": -0.409841144507665,
      "turnover": 1199052.7548999998,
      "average_holding_days": 1.1666666666666667
    },
    "improved_trailing_stop": {
      "trade_count": 12,
      "win_rate": 0.4166666666666667,
      "average_return": 0.10251656193843099,
      "average_win": 0.390906087713223,
      "average_loss": -0.10347595647213478,
      "profit_factor": 2.698132071554048,
      "total_return": 1.1255874139599502,
      "max_drawdown": -0.53448949635541,
      "turnover": 1199052.7548999998,
      "average_holding_days": 1.6666666666666667
    },
    "reversal_first_day_daily": {
      "trade_count": 27,
      "win_rate": 0.3333333333333333,
      "average_return": 0.002095395986207328,
      "average_win": 0.16097486891255702,
      "average_loss": -0.07734434047696753,
      "profit_factor": 1.0405638737031024,
      "total_return": -0.11548809548811867,
      "max_drawdown": -0.3526158724384677,
      "turnover": 2699261.2546899994,
      "average_holding_days": 1.5555555555555556
    }
  },
  "cost_sensitivity": {
    "baseline_first_day_momentum_daily": {
      "0.5": {
        "trade_count": 14,
        "win_rate": 0.2857142857142857,
        "average_return": -0.0021994499999999214,
        "average_win": 0.19748066,
        "average_loss": -0.08207149399999988,
        "profit_factor": 0.9615991550455119,
        "total_return": -0.1267017262396306,
        "max_drawdown": -0.4508866546673669,
        "turnover": 1398679.860435,
        "average_holding_days": 1.1428571428571428
      },
      "1.0": {
        "trade_count": 14,
        "win_rate": 0.2857142857142857,
        "average_return": -0.004397799999999995,
        "average_win": 0.19496264,
        "average_loss": -0.084141976,
        "profit_factor": 0.9262912869967744,
        "total_return": -0.15335985620681736,
        "max_drawdown": -0.4594982767626885,
        "turnover": 1399040.38274,
        "average_holding_days": 1.1428571428571428
      },
      "2.0": {
        "trade_count": 14,
        "win_rate": 0.2857142857142857,
        "average_return": -0.008791200000000015,
        "average_win": 0.18993055999999994,
        "average_loss": -0.08827990399999999,
        "profit_factor": 0.8604144606479893,
        "total_return": -0.20438722338583704,
        "max_drawdown": -0.48206487308523305,
        "turnover": 1399210.8059399999,
        "average_holding_days": 1.1428571428571428
      }
    },
    "improved_grey_market_filter": {
      "0.5": {
        "trade_count": 12,
        "win_rate": 0.3333333333333333,
        "average_return": 0.011112557333333412,
        "average_win": 0.19748066,
        "average_loss": -0.08207149399999988,
        "profit_factor": 1.2021086244743642,
        "total_return": 0.03644172338281848,
        "max_drawdown": -0.40179072580993264,
        "turnover": 1198743.182055,
        "average_holding_days": 1.1666666666666667
      },
      "1.0": {
        "trade_count": 12,
        "win_rate": 0.3333333333333333,
        "average_return": 0.008892896000000003,
        "average_win": 0.19496264,
        "average_loss": -0.08414197599999998,
        "profit_factor": 1.1579969184824845,
        "total_return": 0.009351766597561983,
        "max_drawdown": -0.409841144507665,
        "turnover": 1199052.7548999998,
        "average_holding_days": 1.1666666666666667
      },
      "2.0": {
        "trade_count": 12,
        "win_rate": 0.3333333333333333,
        "average_return": 0.0044569173333333136,
        "average_win": 0.18993055999999994,
        "average_loss": -0.08827990399999999,
        "profit_factor": 1.0756072058721735,
        "total_return": -0.04285288718831293,
        "max_drawdown": -0.42565986574553494,
        "turnover": 1199246.07474,
        "average_holding_days": 1.1666666666666667
      }
    },
    "reversal_first_day_daily": {
      "0.5": {
        "trade_count": 27,
        "win_rate": 0.3333333333333333,
        "average_return": 0.004401284528240699,
        "average_win": 0.16362095797421738,
        "average_loss": -0.07520855219474763,
        "profit_factor": 1.0876815182568291,
        "total_return": -0.05876618931552291,
        "max_drawdown": -0.3365369686527621,
        "turnover": 2698859.6054249993,
        "average_holding_days": 1.5555555555555556
      },
      "1.0": {
        "trade_count": 27,
        "win_rate": 0.3333333333333333,
        "average_return": 0.002095395986207328,
        "average_win": 0.16097486891255702,
        "average_loss": -0.07734434047696753,
        "profit_factor": 1.0405638737031024,
        "total_return": -0.11548809548811867,
        "max_drawdown": -0.3526158724384677,
        "turnover": 2699261.2546899994,
        "average_holding_days": 1.5555555555555556
      },
      "2.0": {
        "trade_count": 27,
        "win_rate": 0.3333333333333333,
        "average_return": -0.0025118378919723517,
        "average_win": 0.1556888346966277,
        "average_loss": -0.08161217418627238,
        "profit_factor": 0.953547668991779,
        "total_return": -0.21912705070467786,
        "max_drawdown": -0.3884514498839292,
        "turnover": 2698969.23414,
        "average_holding_days": 1.5555555555555556
      }
    },
    "improved_trailing_stop": {
      "0.5": {
        "trade_count": 12,
        "win_rate": 0.4166666666666667,
        "average_return": 0.1052142858030608,
        "average_win": 0.39443511938158143,
        "average_loss": -0.10137202389588248,
        "profit_factor": 2.778180168041163,
        "total_return": 1.188550957749574,
        "max_drawdown": -0.526789333728233,
        "turnover": 1198743.182055,
        "average_holding_days": 1.6666666666666667
      },
      "1.0": {
        "trade_count": 12,
        "win_rate": 0.4166666666666667,
        "average_return": 0.10251656193843099,
        "average_win": 0.390906087713223,
        "average_loss": -0.10347595647213478,
        "profit_factor": 2.698132071554048,
        "total_return": 1.1255874139599502,
        "max_drawdown": -0.53448949635541,
        "turnover": 1199052.7548999998,
        "average_holding_days": 1.6666666666666667
      },
      "2.0": {
        "trade_count": 12,
        "win_rate": 0.3333333333333333,
        "average_return": 0.09712889313860883,
        "average_win": 0.47999337076441156,
        "average_loss": -0.09430334567429254,
        "profit_factor": 2.5456311238066935,
        "total_return": 1.0047675739691466,
        "max_drawdown": -0.5495550631362326,
        "turnover": 1199246.07474,
        "average_holding_days": 1.6666666666666667
      }
    }
  },
  "grey_threshold_sweep": {
    "0.0": {
      "trade_count": 12,
      "win_rate": 0.3333333333333333,
      "average_return": 0.008892896000000003,
      "average_win": 0.19496264,
      "average_loss": -0.08414197599999998,
      "profit_factor": 1.1579969184824845,
      "total_return": 0.009351766597561983,
      "max_drawdown": -0.409841144507665,
      "turnover": 1199052.7548999998,
      "average_holding_days": 1.1666666666666667
    },
    "0.1": {
      "trade_count": 10,
      "win_rate": 0.3,
      "average_return": -0.0004105912000000156,
      "average_win": 0.19496263999999996,